<?xml version="1.0" encoding="utf-8"?>
<?xml-stylesheet type="text/xsl" href="assets/xml/rss.xsl" media="all"?><rss xmlns:atom="http://www.w3.org/2005/Atom" version="2.0"><channel><title>PyPHS Handbook</title><link>http://pythonhosted.org/pyphs/</link><description>This site gathers the documentations and the tutorials related to the python package PyPHS.</description><atom:link href="http://pythonhosted.org/pyphs/rss.xml" type="application/rss+xml" rel="self"></atom:link><language>en</language><lastBuildDate>Fri, 04 Nov 2016 12:07:46 GMT</lastBuildDate><generator>https://getnikola.com/</generator><docs>http://blogs.law.harvard.edu/tech/rss</docs></channel></rss>